{"cameraMode":{"drawMode":0,"name":"Shaded","section":"Shading Mode"},"sceneLighting":true,"audioPlay":false,"sceneViewState":{"m_AlwaysRefresh":false,"showFog":true,"showSkybox":true,"showFlares":true,"showImageEffects":true,"showParticleSystems":true,"showVisualEffectGraphs":true,"m_FxEnabled":true},"in2DMode":false,"pivot":{"x":-22.68000030517578,"y":0.9700000286102295,"z":0.8899998664855957},"rotation":{"x":0.17342059314250947,"y":-0.7642632126808167,"z":0.22964653372764588,"w":0.5771418809890747},"size":5.978103160858154,"orthographic":false}